[
    {
        "action": "create_certificate",
        "performedBy": "admin",
        "timestamp": "2023-10-01T10:00:00Z",
        "details": "Certificate created for user John Doe"
    },
    {
        "action": "verify_certificate",
        "performedBy": "user123",
        "timestamp": "2023-10-01T11:00:00Z",
        "details": "Certificate verified for user John Doe"
    },
    {
        "action": "delete_certificate",
        "performedBy": "admin",
        "timestamp": "2023-10-01T12:00:00Z",
        "details": "Certificate revoked for user John Doe"
    },
    {
        "action": "create_certificate",
        "performedBy": "admin",
        "timestamp": "2023-10-02T09:00:00Z",
        "details": "Certificate created for user Jane Smith"
    },
    {
        "action": "verify_certificate",
        "performedBy": "user456",
        "timestamp": "2023-10-02T10:00:00Z",
        "details": "Certificate verified for user Jane Smith"
    },
    {
        "action": "delete_certificate",
        "performedBy": "admin",
        "timestamp": "2023-10-02T11:00:00Z",
        "details": "Certificate revoked for user Jane Smith"
    },
    {
        "action": "create_certificate",
        "performedBy": "admin",
        "timestamp": "2023-10-03T08:00:00Z",
        "details": "Certificate created for user Alice Johnson"
    },
    {
        "action": "verify_certificate",
        "performedBy": "user789",
        "timestamp": "2023-10-03T09:00:00Z",
        "details": "Certificate verified for user Alice Johnson"
    },
    {
        "action": "delete_certificate",
        "performedBy": "admin",
        "timestamp": "2023-10-03T10:00:00Z",
        "details": "Certificate revoked for user Alice Johnson"
    },
    {
        "action": "create_certificate",
        "performedBy": "admin",
        "timestamp": "2023-10-04T07:00:00Z",
        "details": "Certificate created for user Bob Brown"
    },
    {
        "action": "verify_certificate",
        "performedBy": "user101",
        "timestamp": "2023-10-04T08:00:00Z",
        "details": "Certificate verified for user Bob Brown"
    },
    {
        "action": "delete_certificate",
        "performedBy": "admin",
        "timestamp": "2023-10-04T09:00:00Z",
        "details": "Certificate revoked for user Bob Brown"
    },
    {
        "action": "create_certificate",
        "performedBy": "admin",
        "timestamp": "2023-10-05T06:00:00Z",
        "details": "Certificate created for user Charlie Davis"
    },
    {
        "action": "verify_certificate",
        "performedBy": "user202",
        "timestamp": "2023-10-05T07:00:00Z",
        "details": "Certificate verified for user Charlie Davis"
    },
    {
        "action": "delete_certificate",
        "performedBy": "admin",
        "timestamp": "2023-10-05T08:00:00Z",
        "details": "Certificate revoked for user Charlie Davis"
    }
]