[
    {
        "owner": "John Doe",
        "institutionName": "University of Example",
        "institutionLogoUrl": "https://example.com/logo.png",
        "studentId": "123456",
        "studentFullName": "John Doe",
        "degreeTitle": "Bachelor of Science",
        "fieldOfStudy": "Computer Science",
        "honors": "First Class",
        "dateOfAward": "2023-05-15",
        "signatures": [
            {
                "post": "Dean",
                "fullname": "Dr. Jane Smith",
                "signatureUrl": "https://example.com/signature1.png"
            },
            {
                "post": "Registrar",
                "fullname": "Mr. John Brown",
                "signatureUrl": "https://example.com/signature2.png"
            }
        ],
        "quickResponseCodeUrl": "https://example.com/qrcode1.png",
        "dateCreated": "2023-01-01",
        "faculty": "Engineering",
        "certificateStatus": "Valid"
    },
    {
        "owner": "Alice Johnson",
        "institutionName": "University of Example",
        "institutionLogoUrl": "https://example.com/logo.png",
        "studentId": "654321",
        "studentFullName": "Alice Johnson",
        "degreeTitle": "Master of Arts",
        "fieldOfStudy": "Literature",
        "honors": "Upper Second Class",
        "dateOfAward": "2023-06-20",
        "signatures": [
            {
                "post": "Dean",
                "fullname": "Dr. Jane Smith",
                "signatureUrl": "https://example.com/signature1.png"
            },
            {
                "post": "Registrar",
                "fullname": "Mr. John Brown",
                "signatureUrl": "https://example.com/signature2.png"
            }
        ],
        "quickResponseCodeUrl": "https://example.com/qrcode2.png",
        "dateCreated": "2023-01-01",
        "faculty": "Arts",
        "certificateStatus": "Valid"
    },
    {
        "owner": "Michael Brown",
        "institutionName": "University of Example",
        "institutionLogoUrl": "https://example.com/logo.png",
        "studentId": "789012",
        "studentFullName": "Michael Brown",
        "degreeTitle": "Doctor of Philosophy",
        "fieldOfStudy": "Physics",
        "honors": "Lower Second Class",
        "dateOfAward": "2023-07-10",
        "signatures": [
            {
                "post": "Dean",
                "fullname": "Dr. Jane Smith",
                "signatureUrl": "https://example.com/signature1.png"
            },
            {
                "post": "Registrar",
                "fullname": "Mr. John Brown",
                "signatureUrl": "https://example.com/signature2.png"
            }
        ],
        "quickResponseCodeUrl": "https://example.com/qrcode3.png",
        "dateCreated": "2023-01-01",
        "faculty": "Science",
        "certificateStatus": "Valid"
    },
    {
        "owner": "Emily Davis",
        "institutionName": "University of Example",
        "institutionLogoUrl": "https://example.com/logo.png",
        "studentId": "345678",
        "studentFullName": "Emily Davis",
        "degreeTitle": "Bachelor of Arts",
        "fieldOfStudy": "History",
        "honors": "First Class",
        "dateOfAward": "2023-08-05",
        "signatures": [
            {
                "post": "Dean",
                "fullname": "Dr. Jane Smith",
                "signatureUrl": "https://example.com/signature1.png"
            },
            {
                "post": "Registrar",
                "fullname": "Mr. John Brown",
                "signatureUrl": "https://example.com/signature2.png"
            }
        ],
        "quickResponseCodeUrl": "https://example.com/qrcode4.png",
        "dateCreated": "2023-01-01",
        "faculty": "Arts",
        "certificateStatus": "Valid"
    },
    {
        "owner": "David Wilson",
        "institutionName": "University of Example",
        "institutionLogoUrl": "https://example.com/logo.png",
        "studentId": "901234",
        "studentFullName": "David Wilson",
        "degreeTitle": "Master of Science",
        "fieldOfStudy": "Mathematics",
        "honors": "Upper Second Class",
        "dateOfAward": "2023-09-15",
        "signatures": [
            {
                "post": "Dean",
                "fullname": "Dr. Jane Smith",
                "signatureUrl": "https://example.com/signature1.png"
            },
            {
                "post": "Registrar",
                "fullname": "Mr. John Brown",
                "signatureUrl": "https://example.com/signature2.png"
            }
        ],
        "quickResponseCodeUrl": "https://example.com/qrcode5.png",
        "dateCreated": "2023-01-01",
        "faculty": "Science",
        "certificateStatus": "Valid"
    },
    {
        "owner": "Sophia Martinez",
        "institutionName": "University of Example",
        "institutionLogoUrl": "https://example.com/logo.png",
        "studentId": "567890",
        "studentFullName": "Sophia Martinez",
        "degreeTitle": "Bachelor of Engineering",
        "fieldOfStudy": "Civil Engineering",
        "honors": "First Class",
        "dateOfAward": "2023-10-10",
        "signatures": [
            {
                "post": "Dean",
                "fullname": "Dr. Jane Smith",
                "signatureUrl": "https://example.com/signature1.png"
            },
            {
                "post": "Registrar",
                "fullname": "Mr. John Brown",
                "signatureUrl": "https://example.com/signature2.png"
            }
        ],
        "quickResponseCodeUrl": "https://example.com/qrcode6.png",
        "dateCreated": "2023-01-01",
        "faculty": "Engineering",
        "certificateStatus": "Valid"
    },
    {
        "owner": "James Anderson",
        "institutionName": "University of Example",
        "institutionLogoUrl": "https://example.com/logo.png",
        "studentId": "234567",
        "studentFullName": "James Anderson",
        "degreeTitle": "Master of Business Administration",
        "fieldOfStudy": "Business Administration",
        "honors": "Upper Second Class",
        "dateOfAward": "2023-11-20",
        "signatures": [
            {
                "post": "Dean",
                "fullname": "Dr. Jane Smith",
                "signatureUrl": "https://example.com/signature1.png"
            },
            {
                "post": "Registrar",
                "fullname": "Mr. John Brown",
                "signatureUrl": "https://example.com/signature2.png"
            }
        ],
        "quickResponseCodeUrl": "https://example.com/qrcode7.png",
        "dateCreated": "2023-01-01",
        "faculty": "Business",
        "certificateStatus": "Valid"
    },
    {
        "owner": "Olivia Thomas",
        "institutionName": "University of Example",
        "institutionLogoUrl": "https://example.com/logo.png",
        "studentId": "890123",
        "studentFullName": "Olivia Thomas",
        "degreeTitle": "Bachelor of Fine Arts",
        "fieldOfStudy": "Visual Arts",
        "honors": "First Class",
        "dateOfAward": "2023-12-05",
        "signatures": [
            {
                "post": "Dean",
                "fullname": "Dr. Jane Smith",
                "signatureUrl": "https://example.com/signature1.png"
            },
            {
                "post": "Registrar",
                "fullname": "Mr. John Brown",
                "signatureUrl": "https://example.com/signature2.png"
            }
        ],
        "quickResponseCodeUrl": "https://example.com/qrcode8.png",
        "dateCreated": "2023-01-01",
        "faculty": "Arts",
        "certificateStatus": "Valid"
    },
    {
        "owner": "William Harris",
        "institutionName": "University of Example",
        "institutionLogoUrl": "https://example.com/logo.png",
        "studentId": "345678",
        "studentFullName": "William Harris",
        "degreeTitle": "Doctor of Medicine",
        "fieldOfStudy": "Medicine",
        "honors": "Lower Second Class",
        "dateOfAward": "2023-12-20",
        "signatures": [
            {
                "post": "Dean",
                "fullname": "Dr. Jane Smith",
                "signatureUrl": "https://example.com/signature1.png"
            },
            {
                "post": "Registrar",
                "fullname": "Mr. John Brown",
                "signatureUrl": "https://example.com/signature2.png"
            }
        ],
        "quickResponseCodeUrl": "https://example.com/qrcode9.png",
        "dateCreated": "2023-01-01",
        "faculty": "Medicine",
        "certificateStatus": "Valid"
    },
    {
        "owner": "Isabella Clark",
        "institutionName": "University of Example",
        "institutionLogoUrl": "https://example.com/logo.png",
        "studentId": "678901",
        "studentFullName": "Isabella Clark",
        "degreeTitle": "Bachelor of Science",
        "fieldOfStudy": "Biology",
        "honors": "First Class",
        "dateOfAward": "2024-01-15",
        "signatures": [
            {
                "post": "Dean",
                "fullname": "Dr. Jane Smith",
                "signatureUrl": "https://example.com/signature1.png"
            },
            {
                "post": "Registrar",
                "fullname": "Mr. John Brown",
                "signatureUrl": "https://example.com/signature2.png"
            }
        ],
        "quickResponseCodeUrl": "https://example.com/qrcode10.png",
        "dateCreated": "2023-01-01",
        "faculty": "Science",
        "certificateStatus": "Valid"
    },
    {
        "owner": "Liam Lewis",
        "institutionName": "University of Example",
        "institutionLogoUrl": "https://example.com/logo.png",
        "studentId": "123456",
        "studentFullName": "Liam Lewis",
        "degreeTitle": "Master of Engineering",
        "fieldOfStudy": "Mechanical Engineering",
        "honors": "Upper Second Class",
        "dateOfAward": "2024-02-10",
        "signatures": [
            {
                "post": "Dean",
                "fullname": "Dr. Jane Smith",
                "signatureUrl": "https://example.com/signature1.png"
            },
            {
                "post": "Registrar",
                "fullname": "Mr. John Brown",
                "signatureUrl": "https://example.com/signature2.png"
            }
        ],
        "quickResponseCodeUrl": "https://example.com/qrcode11.png",
        "dateCreated": "2023-01-01",
        "faculty": "Engineering",
        "certificateStatus": "Valid"
    },
    {
        "owner": "Mia Walker",
        "institutionName": "University of Example",
        "institutionLogoUrl": "https://example.com/logo.png",
        "studentId": "234567",
        "studentFullName": "Mia Walker",
        "degreeTitle": "Bachelor of Arts",
        "fieldOfStudy": "Philosophy",
        "honors": "First Class",
        "dateOfAward": "2024-03-05",
        "signatures": [
            {
                "post": "Dean",
                "fullname": "Dr. Jane Smith",
                "signatureUrl": "https://example.com/signature1.png"
            },
            {
                "post": "Registrar",
                "fullname": "Mr. John Brown",
                "signatureUrl": "https://example.com/signature2.png"
            }
        ],
        "quickResponseCodeUrl": "https://example.com/qrcode12.png",
        "dateCreated": "2023-01-01",
        "faculty": "Arts",
        "certificateStatus": "Valid"
    },
    {
        "owner": "Noah Hall",
        "institutionName": "University of Example",
        "institutionLogoUrl": "https://example.com/logo.png",
        "studentId": "345678",
        "studentFullName": "Noah Hall",
        "degreeTitle": "Master of Science",
        "fieldOfStudy": "Chemistry",
        "honors": "Upper Second Class",
        "dateOfAward": "2024-04-10",
        "signatures": [
            {
                "post": "Dean",
                "fullname": "Dr. Jane Smith",
                "signatureUrl": "https://example.com/signature1.png"
            },
            {
                "post": "Registrar",
                "fullname": "Mr. John Brown",
                "signatureUrl": "https://example.com/signature2.png"
            }
        ],
        "quickResponseCodeUrl": "https://example.com/qrcode13.png",
        "dateCreated": "2023-01-01",
        "faculty": "Science",
        "certificateStatus": "Valid"
    },
    {
        "owner": "Ava Young",
        "institutionName": "University of Example",
        "institutionLogoUrl": "https://example.com/logo.png",
        "studentId": "456789",
        "studentFullName": "Ava Young",
        "degreeTitle": "Bachelor of Business Administration",
        "fieldOfStudy": "Finance",
        "honors": "First Class",
        "dateOfAward": "2024-05-15",
        "signatures": [
            {
                "post": "Dean",
                "fullname": "Dr. Jane Smith",
                "signatureUrl": "https://example.com/signature1.png"
            },
            {
                "post": "Registrar",
                "fullname": "Mr. John Brown",
                "signatureUrl": "https://example.com/signature2.png"
            }
        ],
        "quickResponseCodeUrl": "https://example.com/qrcode14.png",
        "dateCreated": "2023-01-01",
        "faculty": "Business",
        "certificateStatus": "Valid"
    },
    {
        "owner": "Lucas King",
        "institutionName": "University of Example",
        "institutionLogoUrl": "https://example.com/logo.png",
        "studentId": "567890",
        "studentFullName": "Lucas King",
        "degreeTitle": "Master of Fine Arts",
        "fieldOfStudy": "Performing Arts",
        "honors": "Upper Second Class",
        "dateOfAward": "2024-06-20",
        "signatures": [
            {
                "post": "Dean",
                "fullname": "Dr. Jane Smith",
                "signatureUrl": "https://example.com/signature1.png"
            },
            {
                "post": "Registrar",
                "fullname": "Mr. John Brown",
                "signatureUrl": "https://example.com/signature2.png"
            }
        ],
        "quickResponseCodeUrl": "https://example.com/qrcode15.png",
        "dateCreated": "2023-01-01",
        "faculty": "Arts",
        "certificateStatus": "Valid"
    }
]