[
    {
        "id": "1",
        "name": "Completion Certificate",
        "url": "/placeholder.svg"
    },
    {
        "id": "2",
        "name": "Excellence Certificate",
        "url": "/placeholder.svg"
    },
    {
        "id": "3",
        "name": "Participation Certificate",
        "url": "/placeholder.svg"
    },
    {
        "id": "4",
        "name": "Achievement Certificate",
        "url": "/placeholder.svg"
    },
    {
        "id": "5",
        "name": "Merit Certificate",
        "url": "/placeholder.svg"
    },
    {
        "id": "6",
        "name": "Honor Certificate",
        "url": "/placeholder.svg"
    },
    {
        "id": "7",
        "name": "Recognition Certificate",
        "url": "/placeholder.svg"
    },
    {
        "id": "8",
        "name": "Appreciation Certificate",
        "url": "/placeholder.svg"
    },
    {
        "id": "9",
        "name": "Distinction Certificate",
        "url": "/placeholder.svg"
    },
    {
        "id": "10",
        "name": "Service Certificate",
        "url": "/placeholder.svg"
    },
    {
        "id": "11",
        "name": "Training Certificate",
        "url": "/placeholder.svg"
    },
    {
        "id": "12",
        "name": "Leadership Certificate",
        "url": "/placeholder.svg"
    },
    {
        "id": "13",
        "name": "Innovation Certificate",
        "url": "/placeholder.svg"
    },
    {
        "id": "14",
        "name": "Exemplary Performance Certificate",
        "url": "/placeholder.svg"
    },
    {
        "id": "15",
        "name": "Outstanding Achievement Certificate",
        "url": "/placeholder.svg"
    }
]