[
  {
    "id": "1",
    "name": "Bachelor of Science in Computer Science"
  },
  {
    "id": "2",
    "name": "Bachelor of Arts in English Literature"
  },
  {
    "id": "3",
    "name": "Master of Business Administration"
  },
  {
    "id": "4",
    "name": "Doctor of Philosophy in Physics"
  },
  {
    "id": "5",
    "name": "Bachelor of Science in Mechanical Engineering"
  },
  {
    "id": "6",
    "name": "Bachelor of Science in Electrical Engineering"
  },
  {
    "id": "7",
    "name": "Bachelor of Science in Civil Engineering"
  },
  {
    "id": "8",
    "name": "Bachelor of Science in Chemical Engineering"
  },
  {
    "id": "9",
    "name": "Bachelor of Science in Biology"
  },
  {
    "id": "10",
    "name": "Bachelor of Science in Mathematics"
  },
  {
    "id": "11",
    "name": "Bachelor of Arts in History"
  },
  {
    "id": "12",
    "name": "Bachelor of Arts in Psychology"
  },
  {
    "id": "13",
    "name": "Master of Science in Computer Science"
  },
  {
    "id": "14",
    "name": "Master of Science in Mechanical Engineering"
  },
  {
    "id": "15",
    "name": "Doctor of Medicine"
  }
]
