[
    { "id": "1", "name": "Faculty of Arts and Humanities" },
    { "id": "2", "name": "Faculty of Science" },
    { "id": "3", "name": "Faculty of Engineering" },
    { "id": "4", "name": "Faculty of Medicine" },
    { "id": "5", "name": "Faculty of Business" },
    { "id": "6", "name": "Faculty of Law" },
    { "id": "7", "name": "Faculty of Education" },
    { "id": "8", "name": "Faculty of Social Sciences" },
    { "id": "9", "name": "Faculty of Computer Science" },
    { "id": "10", "name": "Faculty of Environmental Studies" },
    { "id": "11", "name": "Faculty of Health Sciences" },
    { "id": "12", "name": "Faculty of Fine Arts" },
    { "id": "13", "name": "Faculty of Architecture" },
    { "id": "14", "name": "Faculty of Agriculture" },
    { "id": "15", "name": "Faculty of Veterinary Medicine" }
]