[
    {
        "code": "CS",
        "name": "Computer Science"
    },
    {
        "code": "EE",
        "name": "Electrical Engineering"
    },
    {
        "code": "ME",
        "name": "Mechanical Engineering"
    },
    {
        "code": "CE",
        "name": "Civil Engineering"
    },
    {
        "code": "BIO",
        "name": "Biology"
    },
    {
        "code": "ChE",
        "name": "Chemical Engineering"
    },
    {
        "code": "PHY",
        "name": "Physics"
    },
    {
        "code": "MATH",
        "name": "Mathematics"
    },
    {
        "code": "FIN",
        "name": "Finance"
    },
    {
        "code": "ECON",
        "name": "Economics"
    },
    {
        "code": "PSY",
        "name": "Psychology"
    },
    {
        "code": "SOC",
        "name": "Sociology"
    },
    {
        "code": "PHIL",
        "name": "Philosophy"
    },
    {
        "code": "LAW",
        "name": "Law"
    },
    {
        "code": "SS",
        "name": "Social Sciences"
    }
]
