[
  {
      "walletAddress": "0x1234567890abcdef1234567890abcdef12345678",
      "name": "John Doe",
      "email": "john.doe@example.com",
      "phone": "+12345678901",
      "abbreviation": "JD",
      "institutionType": "International",
      "registrationNumber": "12345",
      "physicalAddress": "123 Main St, Anytown, USA",
      "identificationDocumentType": "Registration Certificate",
      "identificationDocument": "/placeholder.svg",
      "activeStatus": "Active"
  },
  {
      "walletAddress": "0xabcdef1234567890abcdef1234567890abcdef12",
      "name": "Jane Smith",
      "email": "jane.smith@example.com",
      "phone": "+12345678902",
      "abbreviation": "JS",
      "institutionType": "Private",
      "registrationNumber": "12346",
      "physicalAddress": "456 Elm St, Othertown, USA",
      "identificationDocumentType": "Accreditation Certificate",
      "identificationDocument": "/placeholder.svg",
      "activeStatus": "Active"
  },
  {
      "walletAddress": "0x7890abcdef1234567890abcdef1234567890abcd",
      "name": "Alice Johnson",
      "email": "alice.johnson@example.com",
      "phone": "+12345678903",
      "abbreviation": "AJ",
      "institutionType": "State",
      "registrationNumber": "12347",
      "physicalAddress": "789 Oak St, Sometown, USA",
      "identificationDocumentType": "Registration Certificate",
      "identificationDocument": "/placeholder.svg",
      "activeStatus": "Active"
  },
  {
      "walletAddress": "0x4567890abcdef1234567890abcdef1234567890a",
      "name": "Bob Brown",
      "email": "bob.brown@example.com",
      "phone": "+12345678904",
      "abbreviation": "BB",
      "institutionType": "International",
      "registrationNumber": "12348",
      "physicalAddress": "101 Pine St, Anothertown, USA",
      "identificationDocumentType": "Accreditation Certificate",
      "identificationDocument": "/placeholder.svg",
      "activeStatus": "Active"
  },
  {
      "walletAddress": "0xabcdef7890abcdef1234567890abcdef12345678",
      "name": "Charlie Davis",
      "email": "charlie.davis@example.com",
      "phone": "+12345678905",
      "abbreviation": "CD",
      "institutionType": "Private",
      "registrationNumber": "12349",
      "physicalAddress": "202 Maple St, Yetanothertown, USA",
      "identificationDocumentType": "Registration Certificate",
      "identificationDocument": "/placeholder.svg",
      "activeStatus": "Active"
  },
  {
      "walletAddress": "0x1234567890abcdefabcdef1234567890abcdef12",
      "name": "David Evans",
      "email": "david.evans@example.com",
      "phone": "+12345678906",
      "abbreviation": "DE",
      "institutionType": "State",
      "registrationNumber": "12350",
      "physicalAddress": "303 Birch St, Smalltown, USA",
      "identificationDocumentType": "Accreditation Certificate",
      "identificationDocument": "/placeholder.svg",
      "activeStatus": "Active"
  },
  {
      "walletAddress": "0xabcdef1234567890abcdefabcdef1234567890ab",
      "name": "Eve Foster",
      "email": "eve.foster@example.com",
      "phone": "+12345678907",
      "abbreviation": "EF",
      "institutionType": "International",
      "registrationNumber": "12351",
      "physicalAddress": "404 Cedar St, Bigcity, USA",
      "identificationDocumentType": "Registration Certificate",
      "identificationDocument": "/placeholder.svg",
      "activeStatus": "Active"
  },
  {
      "walletAddress": "0x7890abcdef1234567890abcdefabcdef12345678",
      "name": "Frank Green",
      "email": "frank.green@example.com",
      "phone": "+12345678908",
      "abbreviation": "FG",
      "institutionType": "Private",
      "registrationNumber": "12352",
      "physicalAddress": "505 Spruce St, Metropolis, USA",
      "identificationDocumentType": "Accreditation Certificate",
      "identificationDocument": "/placeholder.svg",
      "activeStatus": "Active"
  },
  {
      "walletAddress": "0x4567890abcdef1234567890abcdefabcdef1234",
      "name": "Grace Harris",
      "email": "grace.harris@example.com",
      "phone": "+12345678909",
      "abbreviation": "GH",
      "institutionType": "State",
      "registrationNumber": "12353",
      "physicalAddress": "606 Willow St, Smallville, USA",
      "identificationDocumentType": "Registration Certificate",
      "identificationDocument": "/placeholder.svg",
      "activeStatus": "Active"
  },
  {
      "walletAddress": "0xabcdef7890abcdef1234567890abcdef12345678",
      "name": "Henry Irving",
      "email": "henry.irving@example.com",
      "phone": "+12345678910",
      "abbreviation": "HI",
      "institutionType": "International",
      "registrationNumber": "12354",
      "physicalAddress": "707 Aspen St, Middletown, USA",
      "identificationDocumentType": "Accreditation Certificate",
      "identificationDocument": "/placeholder.svg",
      "activeStatus": "Active"
  },
  {
      "walletAddress": "0x1234567890abcdefabcdefabcdef1234567890ab",
      "name": "Ivy Johnson",
      "email": "ivy.johnson@example.com",
      "phone": "+12345678911",
      "abbreviation": "IJ",
      "institutionType": "Private",
      "registrationNumber": "12355",
      "physicalAddress": "808 Fir St, Uptown, USA",
      "identificationDocumentType": "Registration Certificate",
      "identificationDocument": "/placeholder.svg",
      "activeStatus": "Active"
  },
  {
      "walletAddress": "0xabcdef1234567890abcdefabcdefabcdef123456",
      "name": "Jack King",
      "email": "jack.king@example.com",
      "phone": "+12345678912",
      "abbreviation": "JK",
      "institutionType": "State",
      "registrationNumber": "12356",
      "physicalAddress": "909 Redwood St, Downtown, USA",
      "identificationDocumentType": "Accreditation Certificate",
      "identificationDocument": "/placeholder.svg",
      "activeStatus": "Active"
  },
  {
      "walletAddress": "0x7890abcdef1234567890abcdefabcdef12345678",
      "name": "Karen Lee",
      "email": "karen.lee@example.com",
      "phone": "+12345678913",
      "abbreviation": "KL",
      "institutionType": "International",
      "registrationNumber": "12357",
      "physicalAddress": "1010 Cypress St, Suburbia, USA",
      "identificationDocumentType": "Registration Certificate",
      "identificationDocument": "/placeholder.svg",
      "activeStatus": "Active"
  },
  {
      "walletAddress": "0x4567890abcdef1234567890abcdefabcdefabcdef",
      "name": "Leo Martin",
      "email": "leo.martin@example.com",
      "phone": "+12345678914",
      "abbreviation": "LM",
      "institutionType": "Private",
      "registrationNumber": "12358",
      "physicalAddress": "1111 Sequoia St, Countryside, USA",
      "identificationDocumentType": "Accreditation Certificate",
      "identificationDocument": "/placeholder.svg",
      "activeStatus": "Active"
  },
  {
      "walletAddress": "0xabcdef7890abcdef1234567890abcdefabcdefab",
      "name": "Mia Nelson",
      "email": "mia.nelson@example.com",
      "phone": "+12345678915",
      "abbreviation": "MN",
      "institutionType": "State",
      "registrationNumber": "12359",
      "physicalAddress": "1212 Pinecone St, Riverside, USA",
      "identificationDocumentType": "Registration Certificate",
      "identificationDocument": "/placeholder.svg",
      "activeStatus": "Active"
  },
  {
      "walletAddress": "0x1234567890abcdefabcdefabcdefabcdef123456",
      "name": "Noah Owens",
      "email": "noah.owens@example.com",
      "phone": "+12345678916",
      "abbreviation": "NO",
      "institutionType": "International",
      "registrationNumber": "12360",
      "physicalAddress": "1313 Acorn St, Lakeside, USA",
      "identificationDocumentType": "Accreditation Certificate",
      "identificationDocument": "/placeholder.svg",
      "activeStatus": "Active"
  },
  {
      "walletAddress": "0xabcdef1234567890abcdefabcdefabcdefabcdef",
      "name": "Olivia Parker",
      "email": "olivia.parker@example.com",
      "phone": "+12345678917",
      "abbreviation": "OP",
      "institutionType": "Private",
      "registrationNumber": "12361",
      "physicalAddress": "1414 Mapleleaf St, Hilltop, USA",
      "identificationDocumentType": "Registration Certificate",
      "identificationDocument": "/placeholder.svg",
      "activeStatus": "Active"
  },
  {
      "walletAddress": "0x7890abcdef1234567890abcdefabcdefabcdefab",
      "name": "Paul Quinn",
      "email": "paul.quinn@example.com",
      "phone": "+12345678918",
      "abbreviation": "PQ",
      "institutionType": "State",
      "registrationNumber": "12362",
      "physicalAddress": "1515 Oakleaf St, Valleyview, USA",
      "identificationDocumentType": "Accreditation Certificate",
      "identificationDocument": "/placeholder.svg",
      "activeStatus": "Active"
  },
  {
      "walletAddress": "0x4567890abcdef1234567890abcdefabcdefabcdef",
      "name": "Quinn Roberts",
      "email": "quinn.roberts@example.com",
      "phone": "+12345678919",
      "abbreviation": "QR",
      "institutionType": "Intergovernmental",
      "registrationNumber": "12363",
      "physicalAddress": "1616 Pinecone St, Bayside, USA",
      "identificationDocumentType": "Registration Certificate",
      "identificationDocument": "/placeholder.svg",
      "activeStatus": "Active"
  },
  {
      "walletAddress": "0xabcdef7890abcdef1234567890abcdefabcdefab",
      "name": "Rachel Scott",
      "email": "rachel.scott@example.com",
      "phone": "+12345678920",
      "abbreviation": "RS",
      "institutionType": "Private",
      "registrationNumber": "12364",
      "physicalAddress": "1717 Mapleleaf St, Seaside, USA",
      "identificationDocumentType": "Accreditation Certificate",
      "identificationDocument": "/placeholder.svg",
      "activeStatus": "Active"
  },
  {
      "walletAddress": "0x1234567890abcdefabcdefabcdefabcdefabcdef",
      "name": "Sam Taylor",
      "email": "sam.taylor@example.com",
      "phone": "+12345678921",
      "abbreviation": "ST",
      "institutionType": "State",
      "registrationNumber": "12365",
      "physicalAddress": "1818 Oakleaf St, Cliffside, USA",
      "identificationDocumentType": "Registration Certificate",
      "identificationDocument": "/placeholder.svg",
      "activeStatus": "Active"
  },
  {
      "walletAddress": "0xabcdef1234567890abcdefabcdefabcdefabcdef",
      "name": "Tina Underwood",
      "email": "tina.underwood@example.com",
      "phone": "+12345678922",
      "abbreviation": "TU",
      "institutionType": "Intergovernmental",
      "registrationNumber": "12366",
      "physicalAddress": "1919 Pinecone St, Mountainside, USA",
      "identificationDocumentType": "Accreditation Certificate",
      "identificationDocument": "/placeholder.svg",
      "activeStatus": "Active"
  },
  {
      "walletAddress": "0x7890abcdef1234567890abcdefabcdefabcdefab",
      "name": "Uma Vance",
      "email": "uma.vance@example.com",
      "phone": "+12345678923",
      "abbreviation": "UV",
      "institutionType": "Private",
      "registrationNumber": "12367",
      "physicalAddress": "2020 Mapleleaf St, Oceanside, USA",
      "identificationDocumentType": "Registration Certificate",
      "identificationDocument": "/placeholder.svg",
      "activeStatus": "Active"
  },
  {
      "walletAddress": "0x4567890abcdef1234567890abcdefabcdefabcdef",
      "name": "Victor White",
      "email": "victor.white@example.com",
      "phone": "+12345678924",
      "abbreviation": "VW",
      "institutionType": "State",
      "registrationNumber": "12368",
      "physicalAddress": "2121 Oakleaf St, Countryside, USA",
      "identificationDocumentType": "Accreditation Certificate",
      "identificationDocument": "/placeholder.svg",
      "activeStatus": "Active"
  },
  {
      "walletAddress": "0xabcdef7890abcdef1234567890abcdefabcdefab",
      "name": "Wendy Xander",
      "email": "wendy.xander@example.com",
      "phone": "+12345678925",
      "abbreviation": "WX",
      "institutionType": "Intergovernmental",
      "registrationNumber": "12369",
      "physicalAddress": "2222 Pinecone St, Lakeside, USA",
      "identificationDocumentType": "Registration Certificate",
      "identificationDocument": "/placeholder.svg",
      "activeStatus": "Active"
  },
  {
      "walletAddress": "0x1234567890abcdefabcdefabcdefabcdefabcdef",
      "name": "Xander Young",
      "email": "xander.young@example.com",
      "phone": "+12345678926",
      "abbreviation": "XY",
      "institutionType": "Private",
      "registrationNumber": "12370",
      "physicalAddress": "2323 Mapleleaf St, Hilltop, USA",
      "identificationDocumentType": "Accreditation Certificate",
      "identificationDocument": "/placeholder.svg",
      "activeStatus": "Active"
  },
  {
      "walletAddress": "0xabcdef1234567890abcdefabcdefabcdefabcdef",
      "name": "Yara Zane",
      "email": "yara.zane@example.com",
      "phone": "+12345678927",
      "abbreviation": "YZ",
      "institutionType": "State",
      "registrationNumber": "12371",
      "physicalAddress": "2424 Oakleaf St, Valleyview, USA",
      "identificationDocumentType": "Registration Certificate",
      "identificationDocument": "/placeholder.svg",
      "activeStatus": "Active"
  },
  {
      "walletAddress": "0x7890abcdef1234567890abcdefabcdefabcdefab",
      "name": "Zane Adams",
      "email": "zane.adams@example.com",
      "phone": "+12345678928",
      "abbreviation": "ZA",
      "institutionType": "Intergovernmental",
      "registrationNumber": "12372",
      "physicalAddress": "2525 Pinecone St, Bayside, USA",
      "identificationDocumentType": "Accreditation Certificate",
      "identificationDocument": "/placeholder.svg",
      "activeStatus": "Active"
  },
  {
      "walletAddress": "0x4567890abcdef1234567890abcdefabcdefabcdef",
      "name": "Amy Brown",
      "email": "amy.brown@example.com",
      "phone": "+12345678929",
      "abbreviation": "AB",
      "institutionType": "Private",
      "registrationNumber": "12373",
      "physicalAddress": "2626 Mapleleaf St, Seaside, USA",
      "identificationDocumentType": "Registration Certificate",
      "identificationDocument": "/placeholder.svg",
      "activeStatus": "Active"
  },
  {
      "walletAddress": "0xabcdef7890abcdef1234567890abcdefabcdefab",
      "name": "Brian Clark",
      "email": "brian.clark@example.com",
      "phone": "+12345678930",
      "abbreviation": "BC",
      "institutionType": "State",
      "registrationNumber": "12374",
      "physicalAddress": "2727 Oakleaf St, Cliffside, USA",
      "identificationDocumentType": "Accreditation Certificate",
      "identificationDocument": "/placeholder.svg",
      "activeStatus": "Active"
  }
]